[{"model": "characters.planet", "pk": 1, "fields": {"name": "Tatooine"}}, {"model": "characters.planet", "pk": 2, "fields": {"name": "Alderaan"}}, {"model": "characters.planet", "pk": 3, "fields": {"name": "Yavin IV"}}, {"model": "characters.planet", "pk": 4, "fields": {"name": "Hoth"}}, {"model": "characters.planet", "pk": 5, "fields": {"name": "Dagobah"}}, {"model": "characters.planet", "pk": 6, "fields": {"name": "Bespin"}}, {"model": "characters.planet", "pk": 7, "fields": {"name": "Ord Mantell"}}, {"model": "characters.planet", "pk": 8, "fields": {"name": "Endor"}}, {"model": "characters.planet", "pk": 9, "fields": {"name": "Naboo"}}, {"model": "characters.planet", "pk": 10, "fields": {"name": "Coruscant"}}, {"model": "characters.planet", "pk": 11, "fields": {"name": "Utapau"}}, {"model": "characters.planet", "pk": 12, "fields": {"name": "Mustafar"}}, {"model": "characters.planet", "pk": 13, "fields": {"name": "Kashyyyk"}}, {"model": "characters.planet", "pk": 14, "fields": {"name": "Polis Massa"}}, {"model": "characters.planet", "pk": 15, "fields": {"name": "Mygeeto"}}, {"model": "characters.planet", "pk": 16, "fields": {"name": "Felucia"}}, {"model": "characters.planet", "pk": 17, "fields": {"name": "Cato Neimoidia"}}, {"model": "characters.planet", "pk": 18, "fields": {"name": "Saleucami"}}, {"model": "characters.planet", "pk": 19, "fields": {"name": "Kamino"}}, {"model": "characters.planet", "pk": 20, "fields": {"name": "Geonosis"}}, {"model": "characters.film", "pk": 1, "fields": {"film_title": "A New Hope", "director": "George Lucas", "producer": "Gary Kurtz, Rick McCallum", "opening_crawl": "It is a period of civil war.\r\nRebel spaceships, striking\r\nfrom a hidden base, have won\r\ntheir first victory against\r\nthe evil Galactic Empire.\r\n\r\nDuring the battle, Rebel\r\nspies managed to steal secret\r\nplans to the Empire's\r\nultimate weapon, the DEATH\r\nSTAR, an armored space\r\nstation with enough power\r\nto destroy an entire planet.\r\n\r\nPursued by the Empire's\r\nsinister agents, Princess\r\nLeia races home aboard her\r\nstarship, custodian of the\r\nstolen plans that can save her\r\npeople and restore\r\nfreedom to the galaxy....", "planets": [1, 2, 3]}}, {"model": "characters.film", "pk": 2, "fields": {"film_title": "The Empire Strikes Back", "director": "Irvin Kershner", "producer": "Gary Kurtz, Rick McCallum", "opening_crawl": "It is a dark time for the\r\nRebellion. Although the Death\r\nStar has been destroyed,\r\nImperial troops have driven the\r\nRebel forces from their hidden\r\nbase and pursued them across\r\nthe galaxy.\r\n\r\nEvading the dreaded Imperial\r\nStarfleet, a group of freedom\r\nfighters led by Luke Skywalker\r\nhas established a new secret\r\nbase on the remote ice world\r\nof Hoth.\r\n\r\nThe evil lord Darth Vader,\r\nobsessed with finding young\r\nSkywalker, has dispatched\r\nthousands of remote probes into\r\nthe far reaches of space....", "planets": [4, 5, 6, 7]}}, {"model": "characters.film", "pk": 3, "fields": {"film_title": "Return of the Jedi", "director": "Richard Marquand", "producer": "Howard G. Kazanjian, George Lucas, Rick McCallum", "opening_crawl": "Luke Skywalker has returned to\r\nhis home planet of Tatooine in\r\nan attempt to rescue his\r\nfriend Han Solo from the\r\nclutches of the vile gangster\r\nJabba the Hutt.\r\n\r\nLittle does Luke know that the\r\nGALACTIC EMPIRE has secretly\r\nbegun construction on a new\r\narmored space station even\r\nmore powerful than the first\r\ndreaded Death Star.\r\n\r\nWhen completed, this ultimate\r\nweapon will spell certain doom\r\nfor the small band of rebels\r\nstruggling to restore freedom\r\nto the galaxy...", "planets": [1, 5, 8, 9, 10]}}, {"model": "characters.film", "pk": 4, "fields": {"film_title": "Revenge of the Sith", "director": "George Lucas", "producer": "Rick McCallum", "opening_crawl": "War! The Republic is crumbling\r\nunder attacks by the ruthless\r\nSith Lord, Count Dooku.\r\nThere are heroes on both sides.\r\nEvil is everywhere.\r\n\r\nIn a stunning move, the\r\nfiendish droid leader, General\r\nGrievous, has swept into the\r\nRepublic capital and kidnapped\r\nChancellor Palpatine, leader of\r\nthe Galactic Senate.\r\n\r\nAs the Separatist Droid Army\r\nattempts to flee the besieged\r\ncapital with their valuable\r\nhostage, two Jedi Knights lead a\r\ndesperate mission to rescue the\r\ncaptive Chancellor....", "planets": [1, 2, 5, 9, 10, 11, 12, 13, 14, 15, 16, 17, 18]}}, {"model": "characters.film", "pk": 5, "fields": {"film_title": "The Phantom Menace", "director": "George Lucas", "producer": "Rick McCallum", "opening_crawl": "Turmoil has engulfed the\r\nGalactic Republic. The taxation\r\nof trade routes to outlying star\r\nsystems is in dispute.\r\n\r\nHoping to resolve the matter\r\nwith a blockade of deadly\r\nbattleships, the greedy Trade\r\nFederation has stopped all\r\nshipping to the small planet\r\nof Naboo.\r\n\r\nWhile the Congress of the\r\nRepublic endlessly debates\r\nthis alarming chain of events,\r\nthe Supreme Chancellor has\r\nsecretly dispatched two Jedi\r\nKnights, the guardians of\r\npeace and justice in the\r\ngalaxy, to settle the conflict....", "planets": [1, 9, 10]}}, {"model": "characters.film", "pk": 6, "fields": {"film_title": "Attack of the Clones", "director": "George Lucas", "producer": "Rick McCallum", "opening_crawl": "There is unrest in the Galactic\r\nSenate. Several thousand solar\r\nsystems have declared their\r\nintentions to leave the Republic.\r\n\r\nThis separatist movement,\r\nunder the leadership of the\r\nmysterious Count Dooku, has\r\nmade it difficult for the limited\r\nnumber of Jedi Knights to maintain \r\npeace and order in the galaxy.\r\n\r\nSenator Amidala, the former\r\nQueen of Naboo, is returning\r\nto the Galactic Senate to vote\r\non the critical issue of creating\r\nan ARMY OF THE REPUBLIC\r\nto assist the overwhelmed\r\nJedi....", "planets": [1, 9, 10, 19, 20]}}, {"model": "characters.character", "pk": 1, "fields": {"name": "Luke Skywalker", "films": [1, 2, 3, 4]}}, {"model": "characters.character", "pk": 2, "fields": {"name": "C-3PO", "films": [1, 2, 3, 5, 6, 4]}}, {"model": "characters.character", "pk": 3, "fields": {"name": "R2-D2", "films": [1, 2, 3, 5, 6, 4]}}, {"model": "characters.character", "pk": 4, "fields": {"name": "Darth Vader", "films": [1, 2, 3, 4]}}, {"model": "characters.character", "pk": 5, "fields": {"name": "Leia Organa", "films": [1, 2, 3, 4]}}, {"model": "characters.character", "pk": 6, "fields": {"name": "Owen Lars", "films": [1, 6, 4]}}, {"model": "characters.character", "pk": 7, "fields": {"name": "Beru Whitesun lars", "films": [1, 6, 4]}}, {"model": "characters.character", "pk": 8, "fields": {"name": "R5-D4", "films": [1]}}, {"model": "characters.character", "pk": 9, "fields": {"name": "Biggs Darklighter", "films": [1]}}, {"model": "characters.character", "pk": 10, "fields": {"name": "Obi-Wan Kenobi", "films": [1, 2, 3, 5, 6, 4]}}, {"model": "characters.character", "pk": 11, "fields": {"name": "Anakin Skywalker", "films": [5, 6, 4]}}, {"model": "characters.character", "pk": 12, "fields": {"name": "Wilhuff Tarkin", "films": [1, 4]}}, {"model": "characters.character", "pk": 13, "fields": {"name": "Chewbacca", "films": [1, 2, 3, 4]}}, {"model": "characters.character", "pk": 14, "fields": {"name": "Han Solo", "films": [1, 2, 3]}}, {"model": "characters.character", "pk": 15, "fields": {"name": "Greedo", "films": [1]}}, {"model": "characters.character", "pk": 16, "fields": {"name": "Jabba Desilijic Tiure", "films": [1, 3, 5]}}, {"model": "characters.character", "pk": 17, "fields": {"name": "Wedge Antilles", "films": [1, 2, 3]}}, {"model": "characters.character", "pk": 18, "fields": {"name": "Jek Tono Porkins", "films": [1]}}, {"model": "characters.character", "pk": 19, "fields": {"name": "Yoda", "films": [2, 3, 5, 6, 4]}}, {"model": "characters.character", "pk": 20, "fields": {"name": "Palpatine", "films": [2, 3, 5, 6, 4]}}, {"model": "characters.character", "pk": 21, "fields": {"name": "Boba Fett", "films": [2, 3, 6]}}, {"model": "characters.character", "pk": 22, "fields": {"name": "IG-88", "films": [2]}}, {"model": "characters.character", "pk": 23, "fields": {"name": "Bossk", "films": [2]}}, {"model": "characters.character", "pk": 24, "fields": {"name": "Lando Calrissian", "films": [2, 3]}}, {"model": "characters.character", "pk": 25, "fields": {"name": "Lobot", "films": [2]}}, {"model": "characters.character", "pk": 26, "fields": {"name": "Ackbar", "films": [3]}}, {"model": "characters.character", "pk": 27, "fields": {"name": "Mon Mothma", "films": [3]}}, {"model": "characters.character", "pk": 28, "fields": {"name": "Arvel Crynyd", "films": [3]}}, {"model": "characters.character", "pk": 29, "fields": {"name": "Wicket Systri Warrick", "films": [3]}}, {"model": "characters.character", "pk": 30, "fields": {"name": "Nien Nunb", "films": [3]}}, {"model": "characters.character", "pk": 31, "fields": {"name": "Qui-Gon Jinn", "films": [5]}}, {"model": "characters.character", "pk": 32, "fields": {"name": "Nute Gunray", "films": [5, 6, 4]}}, {"model": "characters.character", "pk": 33, "fields": {"name": "Finis Valorum", "films": [5]}}, {"model": "characters.character", "pk": 34, "fields": {"name": "Padm\u00e9 Amidala", "films": [5, 6, 4]}}, {"model": "characters.character", "pk": 35, "fields": {"name": "Jar Jar Binks", "films": [5, 6]}}, {"model": "characters.character", "pk": 36, "fields": {"name": "Roos Tarpals", "films": [5]}}, {"model": "characters.character", "pk": 37, "fields": {"name": "Rugor Nass", "films": [5]}}, {"model": "characters.character", "pk": 38, "fields": {"name": "Ric Oli\u00e9", "films": [5]}}, {"model": "characters.character", "pk": 39, "fields": {"name": "Watto", "films": [5, 6]}}, {"model": "characters.character", "pk": 40, "fields": {"name": "Sebulba", "films": [5]}}, {"model": "characters.character", "pk": 41, "fields": {"name": "Quarsh Panaka", "films": [5]}}, {"model": "characters.character", "pk": 42, "fields": {"name": "Shmi Skywalker", "films": [5, 6]}}, {"model": "characters.character", "pk": 43, "fields": {"name": "Darth Maul", "films": [5]}}, {"model": "characters.character", "pk": 44, "fields": {"name": "Bib Fortuna", "films": [3]}}, {"model": "characters.character", "pk": 45, "fields": {"name": "Ayla Secura", "films": [5, 6, 4]}}, {"model": "characters.character", "pk": 46, "fields": {"name": "Ratts Tyerel", "films": [5]}}, {"model": "characters.character", "pk": 47, "fields": {"name": "Dud Bolt", "films": [5]}}, {"model": "characters.character", "pk": 48, "fields": {"name": "Gasgano", "films": [5]}}, {"model": "characters.character", "pk": 49, "fields": {"name": "Ben Quadinaros", "films": [5]}}, {"model": "characters.character", "pk": 50, "fields": {"name": "Mace Windu", "films": [5, 6, 4]}}, {"model": "characters.character", "pk": 51, "fields": {"name": "Ki-Adi-Mundi", "films": [5, 6, 4]}}, {"model": "characters.character", "pk": 52, "fields": {"name": "Kit Fisto", "films": [5, 6, 4]}}, {"model": "characters.character", "pk": 53, "fields": {"name": "Eeth Koth", "films": [5, 4]}}, {"model": "characters.character", "pk": 54, "fields": {"name": "Adi Gallia", "films": [5, 4]}}, {"model": "characters.character", "pk": 55, "fields": {"name": "Saesee Tiin", "films": [5, 4]}}, {"model": "characters.character", "pk": 56, "fields": {"name": "Yarael Poof", "films": [5]}}, {"model": "characters.character", "pk": 57, "fields": {"name": "Plo Koon", "films": [5, 6, 4]}}, {"model": "characters.character", "pk": 58, "fields": {"name": "Mas Amedda", "films": [5, 6]}}, {"model": "characters.character", "pk": 59, "fields": {"name": "Gregar Typho", "films": [6]}}, {"model": "characters.character", "pk": 60, "fields": {"name": "Cord\u00e9", "films": [6]}}, {"model": "characters.character", "pk": 61, "fields": {"name": "Cliegg Lars", "films": [6]}}, {"model": "characters.character", "pk": 62, "fields": {"name": "Poggle the Lesser", "films": [6, 4]}}, {"model": "characters.character", "pk": 63, "fields": {"name": "Luminara Unduli", "films": [6, 4]}}, {"model": "characters.character", "pk": 64, "fields": {"name": "Barriss Offee", "films": [6]}}, {"model": "characters.character", "pk": 65, "fields": {"name": "Dorm\u00e9", "films": [6]}}, {"model": "characters.character", "pk": 66, "fields": {"name": "Dooku", "films": [6, 4]}}, {"model": "characters.character", "pk": 67, "fields": {"name": "Bail Prestor Organa", "films": [6, 4]}}, {"model": "characters.character", "pk": 68, "fields": {"name": "Jango Fett", "films": [6]}}, {"model": "characters.character", "pk": 69, "fields": {"name": "Zam Wesell", "films": [6]}}, {"model": "characters.character", "pk": 70, "fields": {"name": "Dexter Jettster", "films": [6]}}, {"model": "characters.character", "pk": 71, "fields": {"name": "Lama Su", "films": [6]}}, {"model": "characters.character", "pk": 72, "fields": {"name": "Taun We", "films": [6]}}, {"model": "characters.character", "pk": 73, "fields": {"name": "Jocasta Nu", "films": [6]}}, {"model": "characters.character", "pk": 74, "fields": {"name": "R4-P17", "films": [6, 4]}}, {"model": "characters.character", "pk": 75, "fields": {"name": "Wat Tambor", "films": [6]}}, {"model": "characters.character", "pk": 76, "fields": {"name": "San Hill", "films": [6]}}, {"model": "characters.character", "pk": 77, "fields": {"name": "Shaak Ti", "films": [6, 4]}}, {"model": "characters.character", "pk": 78, "fields": {"name": "Grievous", "films": [4]}}, {"model": "characters.character", "pk": 79, "fields": {"name": "Tarfful", "films": [4]}}, {"model": "characters.character", "pk": 80, "fields": {"name": "Raymus Antilles", "films": [1, 4]}}, {"model": "characters.character", "pk": 81, "fields": {"name": "Sly Moore", "films": [6, 4]}}, {"model": "characters.character", "pk": 82, "fields": {"name": "Tion Medon", "films": [4]}}]